Tower_ID,Region,Expected_Usage,Actual_Usage,Variance
Tower_0000,Port Harcourt,58.64236564967224,57.91172254704802,-0.7306431026242208
Tower_0001,Enugu,51.30266367178418,51.672024283514,0.3693606117298174
Tower_0002,Kano,53.93301647753785,51.23876389847845,-2.6942525790593947
Tower_0003,Enugu,58.449987623545915,56.50675954652461,-1.9432280770213026
Tower_0004,Enugu,54.14477268626797,79.74603573323878,25.601263046970814
Tower_0005,Abuja,43.05078085828523,41.736992300342436,-1.313788557942793
Tower_0006,Kano,51.525767203336265,49.431945237972386,-2.0938219653638797
Tower_0007,Kano,52.13430092765712,53.20760643271169,1.0733055050545701
Tower_0008,Kano,48.48261342604772,50.85402173537371,2.371408309325993
Tower_0009,Enugu,54.728884712494455,79.66587021740654,24.93698550491208
Tower_0010,Port Harcourt,58.687340295380295,60.67943566699193,1.992095371611633
Tower_0011,Kano,58.51137025813553,56.997780080996606,-1.5135901771389229
Tower_0012,Enugu,49.016787428082644,46.173166094598955,-2.8436213334836893
Tower_0013,Abuja,42.264760916815106,45.26742822072608,3.0026673039109752
Tower_0014,Port Harcourt,59.69682397924669,59.05146430156242,-0.6453596776842687
Tower_0015,Abuja,56.77796172891868,56.27629569600859,-0.5016660329100944
Tower_0016,Port Harcourt,42.49325362406534,45.14964190776345,2.6563882836981136
Tower_0017,Enugu,58.416837652347446,59.52929767114877,1.1124600188013218
Tower_0018,Lagos,57.39792724124257,58.30970278540578,0.9117755441632127
Tower_0019,Port Harcourt,50.376761142521445,54.70676583232361,4.330004689802166
Tower_0020,Abuja,51.82550871489859,50.538472254138306,-1.2870364607602838
Tower_0021,Enugu,47.980054077402606,49.83573433356508,1.8556802561624721
Tower_0022,Port Harcourt,41.095232776440625,41.2092590262348,0.11402624979417197
Tower_0023,Lagos,46.70394483291802,72.12189397154987,25.417949138631847
Tower_0024,Lagos,56.05706897196023,59.11400582478529,3.0569368528250607
Tower_0025,Kano,40.092640460092056,41.1083119726713,1.015671512579246
Tower_0026,Kano,46.669983433822885,47.74657559192215,1.0765921580992668
Tower_0027,Abuja,47.96337387181887,50.10838854643847,2.1450146746196026
Tower_0028,Port Harcourt,50.74791205875846,50.01800659967269,-0.7299054590857708
Tower_0029,Port Harcourt,58.39711232825521,56.7186929935772,-1.6784193346780114
Tower_0030,Kano,46.92691988731922,44.83730149927715,-2.0896183880420693
Tower_0031,Port Harcourt,46.93906403792455,43.00635085917255,-3.932713178752003
Tower_0032,Port Harcourt,54.75002496219497,76.45029737627104,21.700272414076068
Tower_0033,Lagos,49.044358817796144,65.91243980546832,16.86808098767218
Tower_0034,Kano,44.49209645879964,44.049589211628096,-0.442507247171541
Tower_0035,Enugu,49.04879032265387,48.49516372287603,-0.5536265997778429
Tower_0036,Kano,42.817140407596,43.4319538032142,0.6148133956181994
Tower_0037,Enugu,43.527739730124466,45.15921415520306,1.6314744250785935
Tower_0038,Lagos,49.9673554547896,51.688302431509086,1.720946976719489
Tower_0039,Abuja,48.37850899009096,47.21235411295308,-1.1661548771378776
Tower_0040,Port Harcourt,58.296918021362,57.96267459378918,-0.3342434275728223
Tower_0041,Lagos,47.24787798233266,47.813037883309256,0.565159900976596
Tower_0042,Port Harcourt,51.61176700556087,51.114384753193775,-0.4973822523670961
Tower_0043,Abuja,52.64528575839061,55.85997691043059,3.2146911520399826
Tower_0044,Abuja,40.26188913176667,41.24383903504317,0.9819499032765009
Tower_0045,Lagos,53.27074744033421,54.74050301243385,1.4697555720996363
Tower_0046,Abuja,43.56071933739503,44.88648187472985,1.3257625373348247
Tower_0047,Enugu,59.2214063493891,61.56835406435975,2.3469477149706535
Tower_0048,Abuja,42.97325455506226,43.33529767246968,0.362043117407417
Tower_0049,Port Harcourt,48.29248247454048,45.69881857862878,-2.593663895911696
Tower_0050,Port Harcourt,41.70699336157288,42.50636926507816,0.7993759035052861
Tower_0051,Port Harcourt,59.93748503691894,58.63477124933529,-1.3027137875836559
Tower_0052,Port Harcourt,50.043900206624855,48.98666684312534,-1.0572333634995132
Tower_0053,Enugu,51.90770034640087,53.08042838391106,1.1727280375101898
Tower_0054,Kano,41.34152954776855,43.81809569063582,2.47656614286727
Tower_0055,Lagos,54.99920940798356,55.04175256145568,0.04254315347212412
Tower_0056,Port Harcourt,44.19811186191171,44.81577788710964,0.6176660251979271
Tower_0057,Abuja,57.96108578881427,61.36551567808475,3.4044298892704745
Tower_0058,Port Harcourt,44.10279280964014,44.58429916861728,0.48150635897713556
Tower_0059,Abuja,43.81375441327333,49.01712064163412,5.203366228360792
Tower_0060,Abuja,40.730993356961896,41.86201264822498,1.1310192912630868
Tower_0061,Port Harcourt,49.44133890219999,45.91981338388835,-3.521525518311634
Tower_0062,Enugu,51.29682266525233,52.80350590746139,1.5066832422090641
Tower_0063,Abuja,41.31417278856705,42.076489558332604,0.7623167697655546
Tower_0064,Abuja,55.51055233390021,58.0900578420657,2.5795055081654894
Tower_0065,Port Harcourt,49.065776694960554,50.41213939750047,1.3463627025399134
Tower_0066,Abuja,50.4878053865516,50.21089341858405,-0.2769119679675498
Tower_0067,Abuja,48.81525493876456,46.36665846618583,-2.4485964725787284
Tower_0068,Port Harcourt,48.01526121750652,47.59721470293447,-0.41804651457204756
Tower_0069,Port Harcourt,51.192806626164355,49.49176571774576,-1.701040908418598
Tower_0070,Lagos,43.10480491861425,41.943758019004804,-1.1610468996094454
Tower_0071,Enugu,43.63856260990542,44.81571941874664,1.177156808841218
Tower_0072,Enugu,57.235712420270346,60.57552142897316,3.339809008702815
Tower_0073,Abuja,58.922309242672654,59.71165230231862,0.7893430596459652
Tower_0074,Enugu,47.46618632559506,45.07442020152469,-2.3917661240703723
Tower_0075,Abuja,45.41489346287108,46.30409879931136,0.8892053364402841
Tower_0076,Lagos,52.87999086478031,55.27325383807161,2.3932629732913
Tower_0077,Port Harcourt,48.17468342196193,46.95511761332317,-1.2195658086387624
Tower_0078,Port Harcourt,40.5077271132069,40.23969277986106,-0.26803433334583815
Tower_0079,Port Harcourt,43.12305194732381,43.1524283367822,0.029376389458391827
Tower_0080,Enugu,54.31944457694795,52.74964795078347,-1.5697966261644822
Tower_0081,Lagos,53.17847883820303,54.475039705890744,1.2965608676877167
Tower_0082,Enugu,40.54191985006967,40.30002355285411,-0.24189629721556116
Tower_0083,Enugu,44.43944323865899,45.27850812647304,0.8390648878140539
Tower_0084,Lagos,44.62149593176143,42.846511576157226,-1.7749843556042038
Tower_0085,Lagos,53.437854871974565,52.562938271327745,-0.8749166006468201
Tower_0086,Lagos,40.394210755087286,41.83897347074283,1.4447627156555427
Tower_0087,Lagos,42.082171639691474,41.33650533550794,-0.745666304183537
Tower_0088,Port Harcourt,55.99832170746379,59.4522494099306,3.453927702466814
Tower_0089,Kano,43.57089324108667,42.771620869857465,-0.7992723712292076
Tower_0090,Kano,53.054922157037495,53.504291608541266,0.4493694515037703
Tower_0091,Lagos,44.76365562093453,46.628837284680706,1.8651816637461778
Tower_0092,Kano,41.988827855186905,39.15209638932084,-2.836731465866066
Tower_0093,Kano,44.86344381998908,41.341826196027526,-3.5216176239615535
Tower_0094,Lagos,54.44533863711318,51.39402600797299,-3.0513126291401917
Tower_0095,Kano,57.11392936212572,59.639097568980084,2.5251682068543673
Tower_0096,Enugu,56.604397291339836,55.500680999554945,-1.1037162917848917
Tower_0097,Abuja,47.943670592369095,53.0600691637056,5.116398571336504
Tower_0098,Abuja,53.36170273141292,52.23320753409814,-1.128495197314777
Tower_0099,Lagos,44.09968590831642,44.46878851471049,0.36910260639407255
Tower_0100,Port Harcourt,45.86295460522027,48.94717451035602,3.084219905135754
Tower_0101,Lagos,57.9267163704224,61.938902146740645,4.012185776318248
Tower_0102,Port Harcourt,40.260038470214724,44.38304562348752,4.123007153272795
Tower_0103,Abuja,41.71017061708936,44.126903078275646,2.4167324611862853
Tower_0104,Lagos,44.157725102920544,67.6552144512408,23.49748934832025
Tower_0105,Enugu,40.530644077476396,41.71569797587876,1.1850538984023657
Tower_0106,Kano,43.628708701795944,45.18543085412922,1.556722152333279
Tower_0107,Port Harcourt,51.66083121939384,50.558459786736776,-1.1023714326570655
Tower_0108,Kano,48.42849101184996,46.79209324500534,-1.6363977668446168
Tower_0109,Kano,57.8534342215395,57.846685306717596,-0.006748914821905316
Tower_0110,Lagos,56.34887123476882,56.008501989718965,-0.3403692450498568
Tower_0111,Kano,46.83634703395752,45.92989093530297,-0.9064560986545516
Tower_0112,Enugu,45.18846866862585,46.58124356353928,1.3927748949134298
Tower_0113,Kano,47.59384816334534,49.504458580486364,1.9106104171410223
Tower_0114,Lagos,51.80589885029615,51.982712622879845,0.17681377258369224
Tower_0115,Enugu,45.36127281645753,48.316332978568056,2.9550601621105272
Tower_0116,Abuja,52.48297815698268,70.35896522708096,17.875987070098276
Tower_0117,Kano,48.18823304382481,47.80091412526537,-0.387318918559437
Tower_0118,Lagos,51.0409436170396,49.60729897583399,-1.4336446412056105
Tower_0119,Abuja,48.722530582706334,44.989457348560215,-3.7330732341461186
Tower_0120,Abuja,45.88931519083835,45.72395381915295,-0.16536137168539966
Tower_0121,Port Harcourt,58.96906613924313,58.725571122476566,-0.24349501676656615
Tower_0122,Enugu,55.27211588319521,58.29901536967947,3.026899486484261
Tower_0123,Kano,42.80226351532905,44.06388688443861,1.2616233691095573
Tower_0124,Lagos,57.36935951795826,55.32098586929985,-2.048373648658412
Tower_0125,Port Harcourt,49.74862396499027,53.45680909765865,3.708185132668376
Tower_0126,Enugu,57.891044537881825,60.33311192893253,2.4420673910507062
Tower_0127,Port Harcourt,55.99710511894631,57.16130052588354,1.1641954069372318
Tower_0128,Enugu,48.50427008938467,48.05130189168501,-0.45296819769966135
Tower_0129,Enugu,40.44938616640235,38.53050769295539,-1.9188784734469593
Tower_0130,Kano,45.37354718769892,44.62913363555681,-0.744413552142106
Tower_0131,Enugu,50.83268429321734,53.010181532625715,2.1774972394083747
Tower_0132,Port Harcourt,52.669564396522944,56.43873700839216,3.769172611869216
Tower_0133,Enugu,45.157753708664046,48.244240765208424,3.086487056544378
Tower_0134,Kano,42.78712148145648,41.809422637883934,-0.9776988435725471
Tower_0135,Kano,56.69860473598598,54.45936986940796,-2.2392348665780233
Tower_0136,Port Harcourt,59.68804361407104,59.96981610789345,0.2817724938224089
Tower_0137,Abuja,50.51380364605372,46.97692491492801,-3.5368787311257037
Tower_0138,Abuja,43.43358571696607,44.07992114533563,0.6463354283695608
Tower_0139,Enugu,45.44614653038738,45.150941357790046,-0.2952051725973348
Tower_0140,Lagos,40.367813530949334,39.43574052721285,-0.9320730037364839
Tower_0141,Enugu,58.28597613120998,55.096569996676386,-3.1894061345335913
Tower_0142,Port Harcourt,42.35502165780282,43.38222187094225,1.0272002131394302
Tower_0143,Port Harcourt,51.53032951028507,50.46492783096125,-1.06540167932382
Tower_0144,Port Harcourt,45.48110441374412,43.14127074232354,-2.3398336714205783
Tower_0145,Port Harcourt,51.08356005031587,45.339035623752565,-5.744524426563302
Tower_0146,Port Harcourt,53.02840776703729,52.97337795693601,-0.05502981010127428
Tower_0147,Kano,56.594836074144034,60.13933926748352,3.5445031933394873
Tower_0148,Abuja,44.128425435212066,47.4509438643078,3.3225184290957372
Tower_0149,Port Harcourt,40.21991657316961,39.30572405999707,-0.9141925131725444
Tower_0150,Lagos,42.737712601376145,41.53328848065259,-1.2044241207235586
Tower_0151,Lagos,58.0003728369621,58.937921349112145,0.9375485121500446
Tower_0152,Lagos,57.47780155125031,55.48103067287373,-1.99677087837658
Tower_0153,Lagos,51.94826204340617,52.5518458430451,0.6035837996389333
Tower_0154,Kano,52.010337208673064,53.54249776544245,1.5321605567693837
Tower_0155,Lagos,53.30073349092511,55.75459993869373,2.4538664477686183
Tower_0156,Port Harcourt,43.50742557246899,43.30711741950908,-0.20030815295990578
Tower_0157,Enugu,58.2882389184992,57.88089141814527,-0.40734750035392864
Tower_0158,Lagos,48.375410497841465,46.61944532432834,-1.7559651735131254
Tower_0159,Kano,47.66277056498995,46.009009856910225,-1.653760708079723
Tower_0160,Kano,50.378354105656754,49.925396321853704,-0.4529577838030505
Tower_0161,Lagos,40.939319335501104,57.16070203984126,16.221382704340158
Tower_0162,Enugu,43.32566737512159,45.15283662758809,1.827169252466497
Tower_0163,Lagos,54.760672328527406,53.15431442716672,-1.6063579013606883
Tower_0164,Kano,41.65597335850253,68.29421121341207,26.63823785490954
Tower_0165,Abuja,52.06304218932776,51.520794987242624,-0.5422472020851359
Tower_0166,Port Harcourt,44.90698219362642,44.864247604929545,-0.04273458869687374
Tower_0167,Kano,47.78591228083953,75.2648126371861,27.478900356346564
Tower_0168,Lagos,45.773874735414,40.92539421486811,-4.848480520545884
Tower_0169,Port Harcourt,47.11345432929898,48.88154512202108,1.7680907927220986
Tower_0170,Lagos,54.380918103684905,55.854605897869774,1.473687794184869
Tower_0171,Lagos,45.942434312463504,45.37977919822708,-0.5626551142364278
Tower_0172,Abuja,51.32809280593794,51.462074240387686,0.13398143444974409
Tower_0173,Port Harcourt,49.52100804398199,50.55288647939019,1.0318784354081956
Tower_0174,Port Harcourt,53.27342330725296,50.148331593479874,-3.125091713773088
Tower_0175,Abuja,58.73659478649516,57.67848943180257,-1.058105354692593
Tower_0176,Kano,54.651441944205004,56.239971303448655,1.5885293592436511
Tower_0177,Lagos,44.29880757181513,41.79022872547663,-2.5085788463385015
Tower_0178,Enugu,40.62366270122569,41.21077856555895,0.5871158643332564
Tower_0179,Lagos,45.2452808859965,42.53211727674969,-2.7131636092468128
Tower_0180,Lagos,51.9015586140051,52.83441857887215,0.9328599648670561
Tower_0181,Kano,41.02851626968501,40.95723330509004,-0.07128296459496397
Tower_0182,Lagos,49.927324944024726,46.697061312213705,-3.2302636318110203
Tower_0183,Abuja,51.93685697833779,54.26633568725213,2.329478708914344
Tower_0184,Abuja,46.68487781633922,45.21569466274312,-1.4691831535960986
Tower_0185,Port Harcourt,55.41824407491644,53.797739200887676,-1.6205048740287609
Tower_0186,Enugu,42.131965062675434,42.53310345713732,0.4011383944618885
Tower_0187,Lagos,41.50275563471617,43.8000303335736,2.2972746988574286
Tower_0188,Lagos,54.563775124072066,52.532131486115276,-2.0316436379567904
Tower_0189,Kano,49.90982632412397,50.033186023819916,0.12335969969594629
Tower_0190,Abuja,53.76804792855472,54.62568092921587,0.8576330006611457
Tower_0191,Enugu,48.696546772074925,50.082757986601216,1.3862112145262913
Tower_0192,Port Harcourt,44.92804066478214,45.28092377533659,0.3528831105544512
Tower_0193,Abuja,56.38204635348399,55.647990675317345,-0.7340556781666479
Tower_0194,Port Harcourt,55.98831757937958,54.333137138082144,-1.6551804412974391
Tower_0195,Kano,53.893929417088536,54.06621718318129,0.17228776609275087
Tower_0196,Kano,45.44290274459925,43.29862472062804,-2.1442780239712107
Tower_0197,Lagos,51.80461333738174,45.961912370392525,-5.842700966989213
Tower_0198,Enugu,47.21947793880054,48.09259754711587,0.873119608315335
Tower_0199,Port Harcourt,41.83164146653268,43.63951114870507,1.807869682172388
Tower_0200,Abuja,58.34627150924486,53.62040663816118,-4.7258648710836795
Tower_0201,Kano,42.73637261837923,40.71691120895935,-2.0194614094198755
Tower_0202,Lagos,59.00474707641605,60.243055598426444,1.2383085220103922
Tower_0203,Lagos,48.92011545915911,53.03510639858251,4.1149909394234
Tower_0204,Port Harcourt,43.70265857677239,43.74424599212321,0.041587415350818446
Tower_0205,Kano,50.838018947567164,49.38201306510889,-1.4560058824582711
Tower_0206,Enugu,57.45891671752817,57.09312383531849,-0.3657928822096821
Tower_0207,Kano,54.644497728191226,57.39425056648759,2.7497528382963665
Tower_0208,Port Harcourt,56.131222957229,54.839294598979926,-1.2919283582490735
Tower_0209,Port Harcourt,53.175667334214346,51.577283320913835,-1.5983840133005103
Tower_0210,Kano,53.84553129035705,52.880044245992984,-0.9654870443640675
Tower_0211,Port Harcourt,56.983913031306386,55.07725581478896,-1.9066572165174236
Tower_0212,Kano,44.99336017718372,45.23870080917331,0.24534063198959188
Tower_0213,Abuja,49.78849927286281,53.03785618980193,3.2493569169391208
Tower_0214,Kano,44.42418883639205,45.07034738262411,0.6461585462320585
Tower_0215,Kano,59.75336015993294,59.248653155680366,-0.5047070042525732
Tower_0216,Port Harcourt,58.88118679373227,58.29756425590118,-0.58362253783109
Tower_0217,Port Harcourt,40.788536227370116,37.6621546099768,-3.1263816173933137
Tower_0218,Lagos,54.11150345031377,55.877723004608086,1.7662195542943167
Tower_0219,Lagos,58.50496634831332,58.349291954287715,-0.15567439402560268
Tower_0220,Abuja,43.61150690254667,43.25054707536542,-0.3609598271812544
Tower_0221,Lagos,51.35890461105259,57.74511974674231,6.386215135689724
Tower_0222,Kano,58.30976595176084,58.90727176849221,0.5975058167313705
Tower_0223,Port Harcourt,40.67891957171598,39.17533747152561,-1.5035821001903713
Tower_0224,Lagos,53.9484053449368,53.09569015252571,-0.8527151924110896
Tower_0225,Lagos,45.946980147451015,48.24387156584452,2.296891418393507
Tower_0226,Abuja,58.48792390753061,58.71446472860614,0.22654082107553108
Tower_0227,Abuja,59.42116490330736,56.544608946672625,-2.876555956634732
Tower_0228,Kano,58.88532978226868,60.72378765141909,1.8384578691504103
Tower_0229,Port Harcourt,49.484284333149276,48.14799616207129,-1.3362881710779888
Tower_0230,Abuja,57.24085301978627,60.98744857222136,3.746595552435089
Tower_0231,Lagos,56.8909879707014,59.0510841021307,2.160096131429299
Tower_0232,Port Harcourt,46.382009464865114,45.487365673547615,-0.8946437913174989
Tower_0233,Port Harcourt,56.57830948301355,59.14034220648377,2.5620327234702245
Tower_0234,Lagos,40.740152694309856,40.875863715364666,0.13571102105481003
Tower_0235,Abuja,51.92539756964106,53.6309449198855,1.7055473502444372
Tower_0236,Lagos,44.60017674575406,45.56964238034301,0.9694656345889499
Tower_0237,Port Harcourt,42.41133771554558,40.71862440556383,-1.6927133099817482
Tower_0238,Enugu,41.539064032584186,40.25196436794926,-1.2870996646349226
Tower_0239,Enugu,53.9257755175628,55.98569715272512,2.0599216351623255
Tower_0240,Kano,46.797499275361325,71.00786893524474,24.21036965988342
Tower_0241,Lagos,54.49533543057523,53.68803850409124,-0.8072969264839926
Tower_0242,Lagos,41.30712681597885,39.39688165728014,-1.9102451586987073
Tower_0243,Kano,46.305806756612206,47.15300488779913,0.8471981311869214
Tower_0244,Kano,50.78982584750675,54.91487568599304,4.125049838486291
Tower_0245,Kano,55.81446329677927,53.67939746827073,-2.1350658285085444
Tower_0246,Port Harcourt,46.3750500586414,46.42348897198691,0.04843891334551387
Tower_0247,Lagos,52.517827528740185,55.342268639571046,2.824441110830861
Tower_0248,Port Harcourt,57.71955496472374,86.03606918099283,28.316514216269084
Tower_0249,Kano,52.31726376364609,53.222007356145554,0.9047435924994645
Tower_0250,Lagos,44.659189495072674,42.53440243877891,-2.124787056293762
Tower_0251,Port Harcourt,40.48801563113076,41.34462982554606,0.8566141944153003
Tower_0252,Port Harcourt,57.401977478018594,57.0276889480095,-0.3742885300090961
Tower_0253,Kano,40.42538821700774,42.396848208367466,1.9714599913597226
Tower_0254,Lagos,57.49403345368399,59.86880555681349,2.3747721031295015
Tower_0255,Kano,50.57874268054424,55.75786996458147,5.179127284037229
Tower_0256,Lagos,58.781353970257925,59.94062031668508,1.1592663464271524
Tower_0257,Enugu,55.97566471547331,56.62725734863764,0.6515926331643342
Tower_0258,Abuja,59.95868221066675,60.347450813821425,0.38876860315467354
Tower_0259,Abuja,47.0142363090342,46.30790372341283,-0.7063325856213751
Tower_0260,Abuja,55.34376577862254,56.02073346554592,0.6769676869233834
Tower_0261,Kano,48.03861827218484,47.447815451906784,-0.5908028202780571
Tower_0262,Enugu,49.59751240607818,49.93443435861741,0.3369219525392282
Tower_0263,Lagos,52.5501092643674,55.18530433558332,2.635195071215918
Tower_0264,Port Harcourt,57.47354228372677,55.46045715316749,-2.0130851305592827
Tower_0265,Lagos,59.681669383985906,61.961426506243996,2.27975712225809
Tower_0266,Port Harcourt,55.36546827729036,57.999698411970094,2.6342301346797328
Tower_0267,Lagos,48.35533564334668,48.11919858936452,-0.236137053982155
Tower_0268,Enugu,48.42714004554141,44.183430247524214,-4.243709798017193
Tower_0269,Port Harcourt,54.75164603177783,53.536002057588966,-1.2156439741888647
Tower_0270,Kano,44.775542915366046,47.369532008488264,2.593989093122218
Tower_0271,Lagos,42.209482262627894,42.16374613803013,-0.04573612459776655
Tower_0272,Lagos,47.092443152815534,45.09383868822571,-1.9986044645898247
Tower_0273,Port Harcourt,45.74477983308164,44.7352299906252,-1.0095498424564369
Tower_0274,Kano,45.926162409119804,47.60740246212891,1.6812400530091054
Tower_0275,Kano,44.6721550209982,45.765622157400955,1.093467136402758
Tower_0276,Enugu,40.84186379272724,40.36399959438785,-0.47786419833938965
Tower_0277,Kano,40.35747869466827,39.6238298710389,-0.7336488236293732
Tower_0278,Kano,59.75444779472063,58.97093149663299,-0.7835162980876405
Tower_0279,Kano,48.55546267471725,46.71064230572024,-1.8448203689970057
Tower_0280,Abuja,47.68653294319363,50.91728432213252,3.2307513789388835
Tower_0281,Enugu,53.5929456538614,52.94830471543872,-0.6446409384226826
Tower_0282,Lagos,44.365077757301286,46.79939479895228,2.434317041650992
Tower_0283,Port Harcourt,58.99922367900451,62.04185578284941,3.042632103844902
Tower_0284,Lagos,55.72690028831104,57.72352208460696,1.9966217962959192
Tower_0285,Enugu,41.78822004624519,58.78412691692584,16.99590687068065
Tower_0286,Port Harcourt,48.35161551569857,49.15907569637179,0.8074601806732176
Tower_0287,Enugu,57.58236615124329,57.53397493846146,-0.048391212781830006
Tower_0288,Kano,58.8946404458282,57.08723672436795,-1.807403721460254
Tower_0289,Port Harcourt,49.348030224997395,49.9967487884406,0.6487185634432038
Tower_0290,Kano,52.268227784214154,49.91014820189455,-2.358079582319604
Tower_0291,Lagos,43.3406789218415,45.71603769876463,2.375358776923129
Tower_0292,Lagos,59.82337252273953,58.89413792814275,-0.9292345945967853
Tower_0293,Port Harcourt,44.63343402766887,72.43401945228652,27.80058542461765
Tower_0294,Port Harcourt,58.85463548270251,59.4212112257948,0.5665757430922866
Tower_0295,Enugu,52.99293297984737,52.475123032439214,-0.5178099474081534
Tower_0296,Enugu,52.15473589757718,53.32812350052773,1.1733876029505481
Tower_0297,Kano,50.25377022033017,49.30396290708512,-0.9498073132450457
Tower_0298,Port Harcourt,44.61339623435517,46.35599082926966,1.742594594914486
Tower_0299,Lagos,43.53056064011017,40.83860127961667,-2.691959360493499
Tower_0300,Enugu,44.409724181403504,44.66248334049633,0.2527591590928253
Tower_0301,Enugu,43.72876524288509,47.60662324100166,3.8778579981165677
Tower_0302,Lagos,55.591689471335066,53.591026822123915,-2.000662649211151
Tower_0303,Enugu,47.002505183334605,45.6470152422849,-1.3554899410497043
Tower_0304,Kano,41.15685353126793,42.184669230585754,1.0278156993178271
Tower_0305,Port Harcourt,59.38205260281623,59.74121616669542,0.3591635638791928
Tower_0306,Lagos,57.67571769926852,58.376977897815635,0.7012601985471179
Tower_0307,Port Harcourt,58.55504566390426,59.533419924199585,0.9783742602953254
Tower_0308,Enugu,59.8981564529287,61.167599390052246,1.269442937123543
Tower_0309,Enugu,43.477904984389745,45.697304668302195,2.2193996839124495
Tower_0310,Lagos,47.924840378053176,48.7444776919102,0.8196373138570223
Tower_0311,Kano,55.164769514081826,54.68225420484474,-0.48251530923708685
Tower_0312,Abuja,53.92041236107585,55.265559763481306,1.345147402405459
Tower_0313,Lagos,43.0779181267971,46.87768199658753,3.799763869790432
Tower_0314,Abuja,56.31666249981235,56.051395007047205,-0.2652674927651475
Tower_0315,Abuja,44.488811436733215,42.53975282739193,-1.9490586093412858
Tower_0316,Kano,44.47635229645246,46.690513635026406,2.2141613385739447
Tower_0317,Abuja,50.73948845786827,50.49872612996107,-0.24076232790719843
Tower_0318,Abuja,51.858798696834064,47.513459604805995,-4.34533909202807
Tower_0319,Kano,51.60172415675622,53.29656751105706,1.6948433543008434
Tower_0320,Abuja,41.829736747955096,40.75908037604725,-1.0706563719078446
Tower_0321,Abuja,57.549217252607605,57.36815068799928,-0.18106656460832227
Tower_0322,Abuja,45.31200085177412,45.97596151291215,0.6639606611380273
Tower_0323,Lagos,42.59029842565609,42.97129778521422,0.3809993595581318
Tower_0324,Lagos,57.774961597379544,59.193865231657625,1.418903634278081
Tower_0325,Lagos,59.11302996459507,58.24205722345538,-0.8709727411396884
Tower_0326,Kano,57.24255234530901,58.26876394166117,1.0262115963521623
Tower_0327,Enugu,56.19032149449756,72.4695945414204,16.279273046922846
Tower_0328,Abuja,53.10483961278044,54.58246057455544,1.4776209617750027
Tower_0329,Abuja,51.01714741218279,52.24788238020889,1.2307349680261055
Tower_0330,Kano,41.7397351982282,39.86885779413901,-1.8708774040891925
Tower_0331,Abuja,48.16906426141397,50.341028493764036,2.1719642323500636
Tower_0332,Lagos,47.45377034024628,46.38184345001818,-1.0719268902280987
Tower_0333,Enugu,45.195075675206525,75.88592720153855,30.690851526332025
Tower_0334,Port Harcourt,54.4684022737717,55.202976900574384,0.7345746268026829
Tower_0335,Abuja,49.91751470157541,53.59388205516566,3.676367353590244
Tower_0336,Lagos,41.62092431815296,57.182505054767674,15.561580736614715
Tower_0337,Port Harcourt,44.403664038996226,43.70503044675983,-0.6986335922363978
Tower_0338,Enugu,53.66517527319192,53.62633606141645,-0.038839211775467675
Tower_0339,Port Harcourt,41.522617189806006,40.91625762413746,-0.6063595656685479
Tower_0340,Lagos,57.02413828097538,58.624022084859476,1.5998838038840972
Tower_0341,Port Harcourt,49.902930540279485,46.67030932340631,-3.232621216873177
Tower_0342,Kano,49.61173154653296,47.50436670824025,-2.1073648382927104
Tower_0343,Port Harcourt,51.84815569319035,49.71254985003196,-2.1356058431583875
Tower_0344,Abuja,56.49361931850298,58.39423450245013,1.9006151839471528
Tower_0345,Abuja,46.95618415804386,77.84164846903374,30.88546431098988
Tower_0346,Kano,53.56032305118127,53.35142461410633,-0.20889843707494293
Tower_0347,Lagos,51.31463927991582,50.9769958335358,-0.33764344638002086
Tower_0348,Abuja,45.340565403388425,45.48066972961479,0.14010432622636415
Tower_0349,Enugu,57.57259972710316,59.89635633231954,2.3237566052163814
Tower_0350,Abuja,55.948520432138565,54.093814163757415,-1.8547062683811504
Tower_0351,Abuja,53.16903669316851,53.645774658638075,0.47673796546956737
Tower_0352,Lagos,57.011634581884834,58.96202984144969,1.950395259564857
Tower_0353,Port Harcourt,57.34588401919605,58.348072359075736,1.0021883398796874
Tower_0354,Abuja,54.1672595343007,54.546422767498186,0.3791632331974881
Tower_0355,Kano,56.74026656727344,58.74235875240772,2.0020921851342806
Tower_0356,Port Harcourt,53.94942923338567,48.542964647387194,-5.406464585998478
Tower_0357,Enugu,53.60281543520601,54.95856607426783,1.3557506390618173
Tower_0358,Lagos,52.372227564303685,51.06407619804884,-1.3081513662548474
Tower_0359,Enugu,55.054332791152824,51.39306699743991,-3.6612657937129143
Tower_0360,Port Harcourt,43.17210210586148,65.18728907371546,22.015186967853985
Tower_0361,Port Harcourt,57.617415183978565,60.36473227430448,2.7473170903259145
Tower_0362,Port Harcourt,57.436870554904644,57.16197352564926,-0.27489702925538495
Tower_0363,Enugu,40.58494566069118,42.49069475509706,1.905749094405877
Tower_0364,Port Harcourt,56.516335011295254,59.740891527272545,3.224556515977291
Tower_0365,Enugu,42.5773973494689,45.207226256637,2.629828907168097
Tower_0366,Port Harcourt,46.70237708518284,49.982306143925626,3.2799290587427876
Tower_0367,Kano,54.87016512583216,56.35442010797594,1.4842549821437814
Tower_0368,Port Harcourt,43.21519792096616,43.36606519876935,0.15086727780318654
Tower_0369,Enugu,56.35934048238124,53.1554088585869,-3.2039316237943396
Tower_0370,Abuja,56.64268355915484,56.150558582894945,-0.4921249762598947
Tower_0371,Port Harcourt,50.14935467521673,48.462861484584344,-1.6864931906323832
Tower_0372,Abuja,40.127717434336674,44.4696028693323,4.341885434995625
Tower_0373,Kano,45.74076266349826,45.388991038633584,-0.35177162486467495
Tower_0374,Lagos,52.33853836751484,52.584947981083815,0.2464096135689715
Tower_0375,Kano,59.62372356054847,60.726694312629405,1.1029707520809353
Tower_0376,Port Harcourt,52.63627054033337,52.72347543307828,0.08720489274490717
Tower_0377,Abuja,45.196071621283195,48.5861737021447,3.390102080861503
Tower_0378,Abuja,52.68011406199223,51.43481533852332,-1.2452987234689061
Tower_0379,Enugu,50.79970759431711,51.1889225047916,0.389214910474486
Tower_0380,Abuja,55.596907903022874,54.11196673162678,-1.4849411713960947
Tower_0381,Enugu,42.13961277653917,39.499567754097754,-2.640045022441413
Tower_0382,Lagos,55.22055805004056,53.99701986822999,-1.223538181810568
Tower_0383,Port Harcourt,50.825331573522206,50.75125797942538,-0.07407359409682357
Tower_0384,Enugu,59.25984007717989,58.401235628145365,-0.858604449034523
Tower_0385,Lagos,46.83744332077372,45.45260136102601,-1.3848419597477104
Tower_0386,Abuja,52.652437862678966,49.8398029353353,-2.812634927343666
Tower_0387,Abuja,58.64056211020035,58.47435096494296,-0.16621114525739245
Tower_0388,Lagos,42.05019455981358,39.04075381175158,-3.009440748062005
Tower_0389,Abuja,58.74456974472902,60.264681672108225,1.5201119273792045
Tower_0390,Lagos,53.757714446016266,53.922593951885275,0.1648795058690098
Tower_0391,Enugu,41.35674118210344,38.44163818317358,-2.9151029989298607
Tower_0392,Enugu,46.01927133893633,45.4008531848366,-0.6184181540997287
Tower_0393,Lagos,54.16344177290563,52.65912896172446,-1.5043128111811654
Tower_0394,Enugu,41.347012029375435,41.9853610502138,0.638349020838362
Tower_0395,Enugu,51.643409203525465,54.324310095571754,2.6809008920462887
Tower_0396,Enugu,46.917661139059135,43.16731619976765,-3.7503449392914874
Tower_0397,Kano,52.41831035534954,52.64836251364437,0.23005215829483205
Tower_0398,Port Harcourt,40.91484067625026,40.59457508511698,-0.32026559113327835
Tower_0399,Abuja,57.430736123047524,58.773416275948456,1.3426801529009325
Tower_0400,Kano,59.46977938354794,59.896172640023316,0.42639325647537873
Tower_0401,Enugu,59.377557105713834,57.87361844223619,-1.5039386634776406
Tower_0402,Lagos,54.9930366348585,54.354928763525265,-0.6381078713332329
Tower_0403,Enugu,42.60172480261264,66.37551028009459,23.77378547748195
Tower_0404,Port Harcourt,55.16526391858045,57.31727819577765,2.152014277197196
Tower_0405,Enugu,40.49173832917603,40.53436162651992,0.042623297343887145
Tower_0406,Lagos,40.442471030579945,44.24485240208596,3.8023813715060157
Tower_0407,Port Harcourt,46.472204382990824,46.35088275536158,-0.12132162762924281
Tower_0408,Enugu,49.77286380809332,48.35605027427239,-1.4168135338209282
Tower_0409,Port Harcourt,55.40814835615586,52.38071957093021,-3.027428785225652
Tower_0410,Abuja,53.665907532130106,50.059628179618215,-3.6062793525118906
Tower_0411,Abuja,48.918054127534965,45.74978224152399,-3.1682718860109773
Tower_0412,Enugu,45.47253332563332,46.00678662765629,0.5342533020229681
Tower_0413,Port Harcourt,59.94249000315422,60.95994004961409,1.0174500464598708
Tower_0414,Lagos,48.52362604471946,45.36124464065519,-3.16238140406427
Tower_0415,Enugu,49.02774048659351,50.817817114745736,1.790076628152228
Tower_0416,Abuja,43.27247642383338,42.306354320466504,-0.9661221033668781
Tower_0417,Abuja,55.89619097499859,56.18977699896969,0.2935860239711019
Tower_0418,Enugu,53.87364451562977,57.09808577214062,3.2244412565108505
Tower_0419,Port Harcourt,44.41539225577521,46.20907088750627,1.793678631731062
Tower_0420,Abuja,41.64762091231685,41.110559616505185,-0.5370612958116681
Tower_0421,Port Harcourt,53.60998604149426,51.82760159066368,-1.7823844508305768
Tower_0422,Abuja,53.0902242856227,48.78659348296409,-4.30363080265861
Tower_0423,Abuja,45.46519053996418,61.796370761689886,16.331180221725702
Tower_0424,Kano,59.0172712450082,58.59501076735281,-0.4222604776553922
Tower_0425,Abuja,43.021157835618006,41.04679878131564,-1.9743590543023686
Tower_0426,Lagos,48.64669602085204,48.38418208666743,-0.2625139341846108
Tower_0427,Enugu,58.872318403351976,59.02602216926951,0.15370376591753399
Tower_0428,Enugu,48.394546338522446,47.944834374906286,-0.44971196361615995
Tower_0429,Port Harcourt,52.77051895328171,51.47051379163479,-1.3000051616469221
Tower_0430,Abuja,47.951887959255885,48.28919730318934,0.33730934393345535
Tower_0431,Lagos,45.4843040469734,46.36818534611222,0.883881299138821
Tower_0432,Port Harcourt,59.67955295919656,57.49875480431087,-2.180798154885693
Tower_0433,Kano,48.18668012630086,51.0085448857934,2.8218647594925415
Tower_0434,Port Harcourt,57.881984073582686,57.68480780901416,-0.197176264568526
Tower_0435,Port Harcourt,44.599092117821726,44.636791363711424,0.03769924588969786
Tower_0436,Abuja,44.26209408050167,45.67852292701478,1.4164288465131136
Tower_0437,Kano,40.62268165769023,41.08911392021723,0.4664322625270003
Tower_0438,Port Harcourt,53.0333365075177,54.939609775344195,1.9062732678264922
Tower_0439,Lagos,47.370526874475225,65.41085814106205,18.040331266586826
Tower_0440,Lagos,57.28716499679274,76.19390456046577,18.906739563673028
Tower_0441,Enugu,49.46419813383115,50.18720518424335,0.7230070504122068
Tower_0442,Kano,59.363868558294435,57.07641614365311,-2.287452414641322
Tower_0443,Kano,43.710510314062425,43.927629725615475,0.2171194115530497
Tower_0444,Enugu,57.37246335911222,57.306003377823295,-0.06645998128892217
Tower_0445,Port Harcourt,55.53193705583483,55.11570334128975,-0.4162337145450792
Tower_0446,Kano,55.41843689288104,55.16136187000318,-0.25707502287786355
Tower_0447,Lagos,56.89566456233776,53.13196647134248,-3.763698090995277
Tower_0448,Lagos,55.22047981885998,54.123030003378055,-1.097449815481923
Tower_0449,Abuja,52.52440643262831,52.71009623491054,0.18568980228222642
Tower_0450,Kano,42.62489755364775,42.94461033764255,0.3197127839948024
Tower_0451,Port Harcourt,40.65052358982504,38.59517330797313,-2.055350281851915
Tower_0452,Enugu,58.41695695631374,60.94837263804314,2.531415681729399
Tower_0453,Enugu,52.33300629041476,50.600656593985754,-1.7323496964290044
Tower_0454,Port Harcourt,55.93074581952352,57.869660220576996,1.9389144010534736
Tower_0455,Abuja,49.630447030251005,76.47983736233373,26.84939033208272
Tower_0456,Enugu,42.34616377924789,41.053709159560285,-1.2924546196876037
Tower_0457,Kano,42.50371584405101,46.05433762927003,3.550621785219022
Tower_0458,Abuja,53.71130574457943,51.32403208106647,-2.387273663512957
Tower_0459,Kano,48.60611789798925,50.44442624520925,1.83830834722
Tower_0460,Lagos,44.01049453400673,46.011659170092685,2.001164636085953
Tower_0461,Abuja,49.831890934828735,48.490650516675444,-1.3412404181532906
Tower_0462,Enugu,41.28417874150268,44.06910934163134,2.7849306001286607
Tower_0463,Abuja,51.639428038287974,51.13933500909007,-0.500093029197906
Tower_0464,Abuja,45.379868088701954,45.95725534726167,0.5773872585597175
Tower_0465,Abuja,55.951182012743764,56.47182569028621,0.520643677542445
Tower_0466,Abuja,46.207239178471475,45.93862169553038,-0.2686174829410959
Tower_0467,Kano,49.10440298163603,50.72601952795559,1.621616546319565
Tower_0468,Lagos,40.232410798162014,41.81938823926644,1.5869774411044233
Tower_0469,Port Harcourt,41.44893775589118,37.95187380941482,-3.4970639464763593
Tower_0470,Abuja,47.8498711281337,50.45855161389,2.6086804857563024
Tower_0471,Enugu,49.59877669434247,46.27379271827112,-3.3249839760713513
Tower_0472,Abuja,52.00041096238607,54.06550337106938,2.065092408683313
Tower_0473,Enugu,45.833251574186065,48.08666184784123,2.253410273655163
Tower_0474,Kano,53.899637722530855,51.71770486210046,-2.1819328604303934
Tower_0475,Enugu,57.202447943784094,56.38081936787493,-0.8216285759091662
Tower_0476,Port Harcourt,55.597019777867,53.38561044089513,-2.211409336971869
Tower_0477,Lagos,40.792376506967145,40.362534446389674,-0.4298420605774709
Tower_0478,Enugu,49.61013894515658,48.994070376785096,-0.6160685683714817
Tower_0479,Enugu,42.0986035683635,43.65792463290218,1.559321064538679
Tower_0480,Lagos,44.84090031725055,47.46151780948977,2.6206174922392194
Tower_0481,Port Harcourt,59.73325186534293,62.524619486922845,2.7913676215799157
Tower_0482,Abuja,42.84991085803026,41.72557480487366,-1.124336053156604
Tower_0483,Enugu,49.97776306902712,49.55931932153806,-0.4184437474890572
Tower_0484,Lagos,52.36311468636238,48.99623830192048,-3.366876384441902
Tower_0485,Kano,54.04929941088208,52.4375592778897,-1.6117401329923808
Tower_0486,Lagos,51.19297366973828,72.56804113863251,21.37506746889423
Tower_0487,Kano,40.195416948383674,43.426582595480134,3.2311656470964607
Tower_0488,Port Harcourt,46.52922616487984,44.06052842111999,-2.468697743759847
Tower_0489,Abuja,50.35423286769423,49.16930434938844,-1.1849285183057887
Tower_0490,Lagos,41.757329982896664,41.70451846897881,-0.05281151391785244
Tower_0491,Enugu,47.01253862418361,47.572860941822825,0.560322317639212
Tower_0492,Port Harcourt,40.66406217582733,39.044855135984044,-1.619207039843289
Tower_0493,Lagos,41.571569943100414,42.41969203202859,0.8481220889281786
Tower_0494,Enugu,47.93846552403192,46.990786829890084,-0.9476786941418354
Tower_0495,Lagos,42.65431508086121,42.62541053910465,-0.02890454175656032
Tower_0496,Kano,51.35081696523116,68.99236059436429,17.641543629133125
Tower_0497,Lagos,53.78929938274531,53.802143922367186,0.012844539621873707
Tower_0498,Lagos,56.01173398218165,55.138962201128514,-0.8727717810531388
Tower_0499,Lagos,44.0030048848962,43.78378527704454,-0.21921960785166306
Tower_0500,Port Harcourt,43.349651645181396,43.17292572677073,-0.17672591841066776
Tower_0501,Lagos,42.091356806688005,41.35133474692375,-0.7400220597642573
Tower_0502,Enugu,52.72860499087273,52.21101286553853,-0.517592125334204
Tower_0503,Kano,54.129514529738024,57.326808870747456,3.1972943410094317
Tower_0504,Kano,40.63172289651284,41.75356179239532,1.121838895882476
Tower_0505,Lagos,58.7242449248738,58.13328428881548,-0.5909606360583197
Tower_0506,Port Harcourt,41.03942567302945,42.43333448205092,1.3939088090214682
Tower_0507,Port Harcourt,50.825926706021406,50.158287726509386,-0.6676389795120201
Tower_0508,Enugu,54.18121038901833,56.52745966419162,2.3462492751732853
Tower_0509,Lagos,57.41938247492171,58.1586668593179,0.7392843843961856
Tower_0510,Kano,54.281738642648556,54.067134354640096,-0.21460428800845932
Tower_0511,Port Harcourt,56.03456166139584,56.929995513016394,0.8954338516205524
Tower_0512,Lagos,46.78900385085612,63.54917213458578,16.760168283729662
Tower_0513,Port Harcourt,56.29650227493025,54.04296733711064,-2.253534937819609
Tower_0514,Port Harcourt,41.6022969276935,39.21444691489539,-2.3878500127981113
Tower_0515,Kano,57.89633312121055,58.18221931073796,0.2858861895274103
Tower_0516,Abuja,50.951847523074726,54.416877522044906,3.4650299989701807
Tower_0517,Enugu,56.345955399249874,60.808555691635135,4.462600292385261
Tower_0518,Enugu,49.046365690366,66.88928566474979,17.84291997438379
Tower_0519,Kano,52.8715539039305,53.87324285381941,1.0016889498889157
Tower_0520,Port Harcourt,50.52805321872226,72.9498254613402,22.421772242617934
Tower_0521,Lagos,54.63179043510664,53.546442835638594,-1.0853475994680437
Tower_0522,Port Harcourt,41.632599640611794,40.057032136795314,-1.5755675038164796
Tower_0523,Kano,41.207041679811276,39.96534648330904,-1.241695196502235
Tower_0524,Enugu,44.94206468020293,44.605777043033356,-0.3362876371695762
Tower_0525,Port Harcourt,43.19089360226377,42.246712446869516,-0.9441811553942543
Tower_0526,Enugu,57.435671331844034,53.47707171109246,-3.9585996207515777
Tower_0527,Lagos,44.38427974716089,45.88010025939596,1.4958205122350705
Tower_0528,Enugu,59.51730511638263,57.371819064903015,-2.1454860514796152
Tower_0529,Enugu,46.737915835422136,47.21640956364443,0.47849372822229697
Tower_0530,Abuja,43.64235831377398,47.79052365327393,4.148165339499947
Tower_0531,Abuja,55.79397014284958,53.95520095967673,-1.8387691831728503
Tower_0532,Abuja,53.17415551001752,48.11358046452486,-5.060575045492662
Tower_0533,Enugu,49.96391432906278,49.39190588530256,-0.5720084437602182
Tower_0534,Kano,51.10727101875263,53.30919028874977,2.2019192699971413
Tower_0535,Enugu,54.384035565445274,58.30073047388646,3.916694908441187
Tower_0536,Kano,44.56909482662597,42.109995637721134,-2.459099188904837
Tower_0537,Kano,59.92667832113484,60.92007676760788,0.9933984464730443
Tower_0538,Abuja,59.49586324293566,58.56524232937556,-0.9306209135601051
Tower_0539,Port Harcourt,53.006513726938735,52.79461701833046,-0.21189670860827192
Tower_0540,Lagos,43.9908490185829,49.27953571261697,5.2886866940340695
Tower_0541,Abuja,53.60456484862583,50.59862419183552,-3.005940656790308
Tower_0542,Abuja,41.443968179583514,41.95144750257266,0.5074793229891483
Tower_0543,Port Harcourt,40.61305004411612,41.54843638764699,0.9353863435308654
Tower_0544,Lagos,45.15365777022427,69.28495589260628,24.131298122382006
Tower_0545,Enugu,49.25245913478633,49.44842544172812,0.1959663069417914
Tower_0546,Enugu,57.36545010816761,57.98155118717581,0.6161010790082031
Tower_0547,Abuja,54.543381395326165,53.760084260482586,-0.7832971348435791
Tower_0548,Lagos,54.85413042399962,55.39238430648984,0.538253882490217
Tower_0549,Abuja,48.50986668896151,47.823482137966685,-0.6863845509948234
Tower_0550,Kano,46.91869985093926,48.16184363065136,1.2431437797120992
Tower_0551,Abuja,47.42077525969205,46.68155458760478,-0.7392206720872707
Tower_0552,Abuja,59.752991274721154,60.507192062525526,0.7542007878043719
Tower_0553,Enugu,40.80218382824965,40.74365820087969,-0.05852562736995992
Tower_0554,Enugu,57.34062992244897,59.5927304239933,2.2521005015443336
Tower_0555,Enugu,51.57350817144787,51.4707207242709,-0.10278744717697208
Tower_0556,Kano,48.77230838379181,45.226243447378046,-3.5460649364137637
Tower_0557,Enugu,54.50515320830273,57.028996209730714,2.5238430014279842
Tower_0558,Lagos,49.733378828494054,47.92191422676881,-1.8114646017252412
Tower_0559,Port Harcourt,57.468464761633214,56.16093208433558,-1.3075326772976368
Tower_0560,Lagos,58.01403728022517,56.822714692138184,-1.191322588086983
Tower_0561,Lagos,48.43441853746911,74.70290918355195,26.268490646082846
Tower_0562,Enugu,45.536555944701036,41.265207516743644,-4.271348427957392
Tower_0563,Port Harcourt,51.84700657186724,58.12250363918723,6.275497067319989
Tower_0564,Port Harcourt,58.24726691233382,60.35938053046593,2.1121136181321063
Tower_0565,Port Harcourt,44.21324378011333,44.65972160837165,0.44647782825831683
Tower_0566,Kano,52.45933167126965,52.34954367003708,-0.10978800123257315
Tower_0567,Enugu,52.63120440185041,53.202312551565726,0.5711081497153145
Tower_0568,Port Harcourt,54.66226044830562,55.704505305064295,1.0422448567586784
Tower_0569,Kano,42.6313537025452,43.921784874445315,1.2904311719001171
Tower_0570,Abuja,54.31649929364177,55.427708225648665,1.111208932006896
Tower_0571,Abuja,58.18065041331282,58.35981177582332,0.17916136251049863
Tower_0572,Kano,43.59366217740484,43.19898533679019,-0.39467684061465036
Tower_0573,Kano,44.75086649847755,44.44831993117052,-0.3025465673070258
Tower_0574,Enugu,59.42790188083279,59.03808532012743,-0.38981656070536275
Tower_0575,Enugu,43.619539054189794,45.88707924792392,2.2675401937341277
Tower_0576,Abuja,57.08770186739159,58.27481531195331,1.1871134445617244
Tower_0577,Port Harcourt,49.84555712896069,43.96477985963213,-5.880777269328561
Tower_0578,Abuja,44.94462148806354,46.256423041123064,1.3118015530595244
Tower_0579,Port Harcourt,57.41499802545023,57.80447041488778,0.38947238943755025
Tower_0580,Port Harcourt,48.90610510005331,48.86868758716152,-0.037417512891792626
Tower_0581,Enugu,50.296347078593804,49.519310172416034,-0.77703690617777
Tower_0582,Lagos,47.18466738799531,49.432892827967336,2.2482254399720247
Tower_0583,Lagos,51.859017028698545,53.75406995294426,1.895052924245718
Tower_0584,Kano,43.27047745170046,41.72472211605324,-1.5457553356472147
Tower_0585,Enugu,47.821630733035214,48.635735307284286,0.8141045742490718
Tower_0586,Port Harcourt,59.38824644670575,57.444932977623175,-1.9433134690825753
Tower_0587,Lagos,45.16266865402255,65.3878104637165,20.22514180969395
Tower_0588,Port Harcourt,53.13473329082584,51.881298841645915,-1.2534344491799274
Tower_0589,Lagos,46.503801284493896,67.93675937698482,21.432958092490928
Tower_0590,Lagos,55.46946251373201,57.375712604484185,1.9062500907521738
Tower_0591,Lagos,42.617473214366996,43.643644054561584,1.0261708401945882
Tower_0592,Enugu,59.39642090157089,60.84661247526689,1.4501915736959958
Tower_0593,Abuja,49.07579082767278,50.1081474019027,1.0323565742299152
Tower_0594,Port Harcourt,44.72100926692928,43.438046076483374,-1.282963190445905
Tower_0595,Enugu,41.469934946600254,42.33378003594814,0.8638450893478833
Tower_0596,Enugu,43.395158101750816,44.99597715220618,1.6008190504553639
Tower_0597,Enugu,50.395478971120355,51.904061630747506,1.5085826596271517
Tower_0598,Enugu,46.740063528625726,49.117890271575014,2.3778267429492885
Tower_0599,Enugu,56.577667317652185,57.99427501205431,1.4166076944021242
Tower_0600,Kano,48.617750473236114,49.32064688831928,0.7028964150831669
Tower_0601,Port Harcourt,44.9742854517526,47.11458592838545,2.140300476632852
Tower_0602,Enugu,52.3428997320806,52.289857213582486,-0.05304251849811692
Tower_0603,Port Harcourt,54.135544337708914,52.37179503525348,-1.7637493024554374
Tower_0604,Kano,43.340838158019,43.01470423013147,-0.3261339278875255
Tower_0605,Kano,43.35238432576635,41.862579036153456,-1.489805289612896
Tower_0606,Port Harcourt,40.73342853867086,66.39778249477257,25.664353956101714
Tower_0607,Lagos,54.72804030131281,54.439002959881776,-0.2890373414310332
Tower_0608,Abuja,53.2760905524361,51.69125071043618,-1.5848398419999228
Tower_0609,Lagos,49.492617514996276,48.876694455718194,-0.6159230592780816
Tower_0610,Lagos,56.883408979383944,53.096179645476376,-3.787229333907568
Tower_0611,Lagos,56.113403059001065,56.53999047374694,0.4265874147458746
Tower_0612,Enugu,51.70708728793504,51.709498238659485,0.0024109507244460815
Tower_0613,Kano,57.36542561026518,55.731248348128794,-1.634177262136383
Tower_0614,Lagos,44.116824200735365,45.435315537600175,1.3184913368648097
Tower_0615,Kano,42.238392387954555,44.11353266320767,1.8751402752531163
Tower_0616,Port Harcourt,45.394992230339795,42.17987250160185,-3.215119728737946
Tower_0617,Abuja,41.1417371217863,39.616287564653874,-1.5254495571324256
Tower_0618,Port Harcourt,50.62339056002064,49.08510586044604,-1.5382846995745965
Tower_0619,Port Harcourt,58.73211384589923,56.8523076436815,-1.879806202217729
Tower_0620,Enugu,40.78687081337019,42.44582049723369,1.6589496838634972
Tower_0621,Abuja,42.442198280200536,42.05454600265493,-0.3876522775456053
Tower_0622,Port Harcourt,49.043980565668704,48.51495088304748,-0.5290296826212213
Tower_0623,Port Harcourt,58.6775003505581,54.66977562174459,-4.007724728813507
Tower_0624,Abuja,46.32312209953501,47.593958159953466,1.2708360604184534
Tower_0625,Abuja,50.14469617376785,47.666179384060904,-2.4785167897069442
Tower_0626,Port Harcourt,40.83145718100784,40.9513224415405,0.11986526053265578
Tower_0627,Abuja,42.966864019241775,43.52161789515816,0.5547538759163828
Tower_0628,Port Harcourt,59.73260245917694,62.45391965085424,2.7213171916773007
Tower_0629,Port Harcourt,59.30237392872091,56.684733130482684,-2.6176407982382273
Tower_0630,Enugu,40.09879961868819,34.059775307046536,-6.039024311641654
Tower_0631,Lagos,59.03623570846478,59.40393479797217,0.36769908950738994
Tower_0632,Port Harcourt,52.78239875631001,56.383421119331715,3.6010223630217055
Tower_0633,Kano,57.35836589040044,59.836258596279315,2.4778927058788724
Tower_0634,Lagos,49.094797112677185,49.514115943226436,0.41931883054925123
Tower_0635,Lagos,50.311920571585006,49.32864820032091,-0.9832723712640927
Tower_0636,Lagos,49.7769316051384,75.3324061269876,25.555474521849206
Tower_0637,Enugu,53.337285150922085,51.39019275151315,-1.9470923994089375
Tower_0638,Port Harcourt,42.79302509512626,43.7457406338387,0.9527155387124395
Tower_0639,Enugu,40.59947179745356,41.610412115786815,1.0109403183332546
Tower_0640,Port Harcourt,46.15859883182382,48.27901864682158,2.12041981499776
Tower_0641,Enugu,54.09361525473294,59.6129353325551,5.519320077822158
Tower_0642,Enugu,44.03706904245897,44.8219009768165,0.7848319343575341
Tower_0643,Kano,53.468648666498346,52.45072141508335,-1.0179272514149957
Tower_0644,Enugu,59.398240922145405,59.347092297761414,-0.05114862438399115
Tower_0645,Abuja,41.87801431578837,38.339862506010135,-3.5381518097782347
Tower_0646,Kano,53.452042364502525,52.062616102324405,-1.3894262621781195
Tower_0647,Enugu,48.87500438609142,48.056439509865214,-0.8185648762262048
Tower_0648,Lagos,57.362845087550106,56.314668291680924,-1.0481767958691819
Tower_0649,Abuja,43.54299578894772,43.847705533015166,0.3047097440674449
Tower_0650,Abuja,53.85251904452329,52.20767917975889,-1.6448398647643998
Tower_0651,Abuja,56.76230579296221,59.004367127611154,2.2420613346489446
Tower_0652,Kano,58.892284389480466,58.89269851931686,0.0004141298363933288
Tower_0653,Enugu,53.66496056579292,53.64635992351569,-0.01860064227722802
Tower_0654,Enugu,49.94349528016855,49.28770584714271,-0.6557894330258378
Tower_0655,Lagos,52.35694480402428,52.66732617174224,0.31038136771795877
Tower_0656,Lagos,57.37809968957436,59.02829621890963,1.6501965293352683
Tower_0657,Abuja,51.41219493277659,49.67793450135479,-1.7342604314218022
Tower_0658,Lagos,40.60774119393674,39.29150821578622,-1.3162329781505164
Tower_0659,Kano,58.61897391013956,58.01152185258623,-0.6074520575533313
Tower_0660,Enugu,53.790535020631225,51.0987931736848,-2.691741846946428
Tower_0661,Abuja,53.53026771554493,51.89175199610194,-1.6385157194429922
Tower_0662,Lagos,44.31350304795434,43.361061300865025,-0.952441747089317
Tower_0663,Kano,53.17770940465314,54.9264877660786,1.7487783614254582
Tower_0664,Kano,47.87728811308317,48.40241077108702,0.5251226580038519
Tower_0665,Lagos,53.024659540829845,53.41183936356494,0.3871798227350922
Tower_0666,Enugu,42.13186060615981,43.83365653049576,1.701795924335947
Tower_0667,Lagos,53.15690609206072,52.88216251526193,-0.2747435767987909
Tower_0668,Abuja,59.98827451541333,60.76920421527111,0.7809296998577793
Tower_0669,Lagos,40.96424077721112,40.75779727134613,-0.20644350586498916
Tower_0670,Kano,59.54348368442635,60.0742083832256,0.5307246987992542
Tower_0671,Lagos,48.13815921445741,46.97264189923425,-1.1655173152231626
Tower_0672,Enugu,57.415069006745185,52.53743469019233,-4.877634316552857
Tower_0673,Port Harcourt,55.647709681165466,55.37915135679286,-0.26855832437260574
Tower_0674,Lagos,51.34032521973336,54.18582149193324,2.845496272199881
Tower_0675,Enugu,54.76898418502653,56.62141498950972,1.852430804483184
Tower_0676,Enugu,57.57031122602696,59.5011061952093,1.9307949691823438
Tower_0677,Kano,48.08280643302066,50.555067876633096,2.472261443612439
Tower_0678,Enugu,46.54066323126477,46.717978413187645,0.17731518192287155
Tower_0679,Enugu,53.351867711271694,53.74649912608289,0.3946314148111938
Tower_0680,Enugu,56.15691883882517,54.92161504795647,-1.2353037908686986
Tower_0681,Enugu,55.245702695532316,54.61355698347822,-0.632145712054097
Tower_0682,Abuja,55.95627297717269,57.18781527671497,1.2315422995422836
Tower_0683,Abuja,48.711666296258656,51.11943517059629,2.407768874337634
Tower_0684,Kano,56.35668432350043,56.07779177213843,-0.27889255136199864
Tower_0685,Lagos,42.40418110741217,41.50380257770935,-0.9003785297028202
Tower_0686,Enugu,50.88978195921699,50.890837876930185,0.0010559177131952424
Tower_0687,Lagos,40.11517320996243,41.31758670782066,1.202413497858231
Tower_0688,Lagos,46.491716598005404,43.60400696573832,-2.8877096322670823
Tower_0689,Kano,47.32923069742796,42.73686879115348,-4.592361906274476
Tower_0690,Enugu,47.92345383218511,46.822380133201946,-1.1010736989831642
Tower_0691,Enugu,53.90934413379725,51.46791928196893,-2.441424851828316
Tower_0692,Port Harcourt,47.771162025406916,46.754881630112294,-1.016280395294622
Tower_0693,Lagos,48.973872452450614,48.67831181481567,-0.2955606376349422
Tower_0694,Lagos,44.75088261748655,43.84438579944052,-0.9064968180460298
Tower_0695,Abuja,47.4650358325868,50.36997090152829,2.904935068941491
Tower_0696,Port Harcourt,44.54539254526303,45.19888207446767,0.6534895292046414
Tower_0697,Abuja,41.46391847536887,42.064867194590526,0.6009487192216554
Tower_0698,Abuja,52.06897186762756,53.31338615571436,1.2444142880868014
Tower_0699,Abuja,53.36425597110033,51.08658973553879,-2.27766623556154
Tower_0700,Kano,52.38980692019229,54.46803049503283,2.0782235748405355
Tower_0701,Kano,49.26988087601145,49.11835230294053,-0.1515285730709195
Tower_0702,Abuja,47.595715603584594,48.93667683806702,1.3409612344824282
Tower_0703,Port Harcourt,57.26667299143651,55.122958525356196,-2.1437144660803114
Tower_0704,Lagos,50.38163570272436,47.27411817069223,-3.1075175320321264
Tower_0705,Port Harcourt,49.583637552594624,51.21941686864468,1.6357793160500549
Tower_0706,Enugu,40.512841316128714,41.26566036832375,0.7528190521950364
Tower_0707,Kano,46.824956552523126,45.02085344380811,-1.8041031087150188
Tower_0708,Lagos,47.603912375717144,45.864586213167755,-1.7393261625493892
Tower_0709,Lagos,47.97645561793801,50.227325186767544,2.250869568829536
Tower_0710,Enugu,51.60344738454665,49.224623598811995,-2.378823785734653
Tower_0711,Enugu,50.672050934537566,53.957396841049494,3.285345906511928
Tower_0712,Abuja,52.15810185586889,50.35686038657315,-1.8012414692957393
Tower_0713,Kano,55.29766523084257,56.57444908205933,1.2767838512167629
Tower_0714,Kano,56.25971477432187,55.6024778228239,-0.6572369514979712
Tower_0715,Port Harcourt,54.36246152452989,55.56883638669458,1.2063748621646866
Tower_0716,Abuja,59.110473919098695,58.02224591487031,-1.0882280042283838
Tower_0717,Abuja,40.36465165352723,40.039065841382644,-0.32558581214458826
Tower_0718,Abuja,43.91555971367092,43.99739806446237,0.0818383507914433
Tower_0719,Abuja,40.151257499562846,38.1468825879999,-2.004374911562948
Tower_0720,Kano,52.94949428309206,54.43114297393231,1.4816486908402524
Tower_0721,Kano,57.96061097899974,56.93418384605657,-1.0264271329431693
Tower_0722,Abuja,44.86964593152599,44.41244610084595,-0.45719983068003955
Tower_0723,Port Harcourt,58.54069089592613,56.55199214670911,-1.988698749217022
Tower_0724,Lagos,41.20534780579122,65.78920389411145,24.583856088320232
Tower_0725,Lagos,58.68872053611028,58.306665010909946,-0.3820555252003359
Tower_0726,Port Harcourt,47.03245374479269,51.85768458801852,4.825230843225832
Tower_0727,Abuja,42.02841656898433,43.59762514478038,1.569208575796047
Tower_0728,Kano,49.717435183726515,49.67891442425773,-0.03852075946878841
Tower_0729,Lagos,45.13553135441016,44.60974969599363,-0.525781658416534
Tower_0730,Enugu,45.697458039238455,45.74238982486255,0.044931785624093834
Tower_0731,Enugu,46.14579929852573,47.24003752887615,1.0942382303504203
Tower_0732,Port Harcourt,56.06051795665327,53.69889232603558,-2.361625630617688
Tower_0733,Abuja,50.78322553350509,53.01186892284284,2.2286433893377477
Tower_0734,Lagos,46.22615398312007,47.65691661400256,1.4307626308824908
Tower_0735,Abuja,52.206675666218366,53.64304711763423,1.4363714514158659
Tower_0736,Lagos,54.32301348446387,55.19996496208333,0.8769514776194569
Tower_0737,Port Harcourt,45.45248001467068,45.49171333005866,0.039233315387981804
Tower_0738,Port Harcourt,48.27098203050703,49.61670450244067,1.345722471933641
Tower_0739,Enugu,42.437721866738954,43.62135013422171,1.183628267482753
Tower_0740,Abuja,43.622986990693605,65.30719933680393,21.68421234611033
Tower_0741,Enugu,53.622357079299654,52.47515353350585,-1.1472035457938006
Tower_0742,Abuja,43.62876695391254,43.83247954443651,0.2037125905239705
Tower_0743,Enugu,50.5032676733412,53.601307976331576,3.098040302990377
Tower_0744,Kano,54.18092523444865,51.70271108314085,-2.478214151307803
Tower_0745,Kano,42.13753846189488,39.20248793039,-2.935050531504878
Tower_0746,Kano,51.34624439257807,51.67576607505111,0.32952168247303604
Tower_0747,Kano,45.13125567402727,45.233031077739305,0.10177540371203264
Tower_0748,Lagos,59.2585375047516,59.60522083349242,0.3466833287408164
Tower_0749,Kano,49.670912934398494,50.15881933021549,0.48790639581699935
Tower_0750,Port Harcourt,56.119850995503164,55.67344648623355,-0.4464045092696125
Tower_0751,Port Harcourt,51.00453084312524,53.9842577203294,2.9797268772041647
Tower_0752,Lagos,40.86825065709638,37.66644270014335,-3.201807956953033
Tower_0753,Kano,52.66302751188044,51.00603346231995,-1.6569940495604953
Tower_0754,Kano,59.028066844133136,58.821557323835044,-0.20650952029809133
Tower_0755,Kano,52.03223640292663,48.74585878061829,-3.2863776223083363
Tower_0756,Enugu,56.3837771885358,56.03206837967166,-0.3517088088641458
Tower_0757,Abuja,57.68412926696816,61.007069598424195,3.3229403314560386
Tower_0758,Enugu,44.56159543897865,44.60336841557057,0.04177297659192192
Tower_0759,Abuja,44.240896798164535,44.702298609601904,0.46140181143736925
Tower_0760,Kano,52.21961977701984,49.69929024667468,-2.5203295303451583
Tower_0761,Kano,48.220569396134096,46.98784658005514,-1.2327228160789545
Tower_0762,Enugu,56.797226057334406,56.04683329668653,-0.7503927606478769
Tower_0763,Enugu,58.00046246796022,57.36503227444775,-0.6354301935124695
Tower_0764,Abuja,47.06842758605436,49.6317151760619,2.5632875900075405
Tower_0765,Port Harcourt,44.73741117948964,45.85279330093989,1.1153821214502457
Tower_0766,Abuja,55.61051030487724,53.38759439100318,-2.2229159138740613
Tower_0767,Enugu,45.49612071096272,45.98913026782673,0.4930095568640098
Tower_0768,Enugu,56.45228637027357,57.44872986726714,0.9964434969935709
Tower_0769,Lagos,48.47476507297526,50.75506315001779,2.2802980770425307
Tower_0770,Enugu,53.35099798582941,56.512079358966155,3.1610813731367458
Tower_0771,Lagos,41.91070627669336,39.88051789303762,-2.030188383655741
Tower_0772,Port Harcourt,52.47718649353146,76.93847162810627,24.46128513457481
Tower_0773,Abuja,49.03535357474458,46.52019785691535,-2.5151557178292308
Tower_0774,Abuja,51.73216926350948,51.26412954529552,-0.4680397182139657
Tower_0775,Lagos,43.36028415489727,44.29300090378994,0.9327167488926662
Tower_0776,Abuja,54.73747489888364,56.71214393206184,1.974669033178202
Tower_0777,Enugu,57.25594155086457,57.10403950357952,-0.15190204728504852
Tower_0778,Kano,44.33479600181551,43.695100955305826,-0.6396950465096864
Tower_0779,Lagos,41.914291110403234,42.217807094900714,0.30351598449747996
Tower_0780,Abuja,40.47277172092673,38.80248591766669,-1.6702858032600432
Tower_0781,Lagos,52.83943000886532,57.018507452254866,4.179077443389545
Tower_0782,Lagos,52.141880721775614,48.926558667539496,-3.2153220542361183
Tower_0783,Kano,50.933948254281404,51.30342941207285,0.36948115779144786
Tower_0784,Enugu,44.63894192231951,48.68615436077879,4.047212438459276
Tower_0785,Lagos,47.81811991811029,47.83171960723028,0.01359968911999232
Tower_0786,Abuja,51.88952670372346,51.509448633720474,-0.38007807000298754
Tower_0787,Port Harcourt,49.935337177183385,49.22044633156253,-0.7148908456208574
Tower_0788,Lagos,59.755710404297744,59.39492704077293,-0.360783363524817
Tower_0789,Lagos,42.72879505113466,45.47449200048772,2.7456969493530607
Tower_0790,Kano,53.902891080951875,49.47916725829286,-4.423723822659014
Tower_0791,Enugu,48.086375362085846,51.153242764678495,3.0668674025926492
Tower_0792,Port Harcourt,48.5639922985123,45.716077993612004,-2.847914304900293
Tower_0793,Abuja,54.35195531316353,53.8186506546947,-0.533304658468829
Tower_0794,Port Harcourt,53.84872302648739,52.99023418589007,-0.8584888405973246
Tower_0795,Abuja,59.825119874043764,61.002226413585205,1.177106539541441
Tower_0796,Enugu,42.5678857890825,39.37163708531501,-3.1962487037674947
Tower_0797,Abuja,42.08219298768333,43.006538319847216,0.9243453321638881
Tower_0798,Kano,54.48677634257482,75.28414170748398,20.79736536490916
Tower_0799,Kano,51.56773834012818,48.84139033094256,-2.726348009185621
Tower_0800,Kano,45.48321333119612,45.86262566641691,0.3794123352207919
Tower_0801,Kano,41.58838737977973,40.26442302418651,-1.323964355593219
Tower_0802,Port Harcourt,41.71316499192861,42.56493940431468,0.8517744123860709
Tower_0803,Enugu,57.883817493282365,57.92211304811387,0.038295554831506706
Tower_0804,Abuja,43.837346494374856,57.71653893081418,13.879192436439325
Tower_0805,Abuja,46.46743124231041,47.44317581205256,0.9757445697421474
Tower_0806,Kano,44.53312804453976,48.14182426411325,3.6086962195734884
Tower_0807,Kano,47.09992611663875,46.71811853318415,-0.3818075834545951
Tower_0808,Lagos,41.38847685492187,42.82799273921823,1.4395158842963625
Tower_0809,Enugu,50.38119581816541,47.79464990242308,-2.5865459157423274
Tower_0810,Port Harcourt,41.352251271844295,39.43937851820828,-1.912872753636016
Tower_0811,Abuja,56.00713015644723,56.95194271220799,0.9448125557607554
Tower_0812,Lagos,44.67424163820866,47.64247369528059,2.96823205707193
Tower_0813,Lagos,50.800238292090214,51.51146498966153,0.7112266975713197
Tower_0814,Abuja,57.60158175122916,56.97546569018285,-0.6261160610463108
Tower_0815,Port Harcourt,53.01754738094388,53.01613019179059,-0.0014171891532939185
Tower_0816,Lagos,50.65915573102671,48.158340263087275,-2.5008154679394323
Tower_0817,Lagos,46.48667506230751,47.69570571501824,1.2090306527107302
Tower_0818,Enugu,46.66003826116396,48.42470438581078,1.7646661246468156
Tower_0819,Port Harcourt,53.389739103963805,52.485558438297645,-0.9041806656661606
Tower_0820,Lagos,59.88278722442335,58.94270292890435,-0.9400842955190001
Tower_0821,Port Harcourt,53.236783796987574,53.76854025629167,0.5317564593040984
Tower_0822,Abuja,51.1556683474005,50.28222887531931,-0.8734394720811878
Tower_0823,Kano,54.61301020478492,54.48074497553328,-0.13226522925164375
Tower_0824,Lagos,49.30411224567436,53.50355582400739,4.199443578333032
Tower_0825,Enugu,41.2028468520157,40.70879545052371,-0.4940514014919941
Tower_0826,Abuja,51.2459363175582,50.529256013515756,-0.7166803040424412
Tower_0827,Port Harcourt,59.1525056901076,57.85742207883728,-1.2950836112703215
Tower_0828,Abuja,43.50605884715319,44.994442790153066,1.4883839429998744
Tower_0829,Lagos,53.80009781641331,53.43764946997711,-0.36244834643620294
Tower_0830,Port Harcourt,44.01867377318113,42.71992769653828,-1.2987460766428498
Tower_0831,Kano,50.71655368946163,53.35916175400765,2.6426080645460246
Tower_0832,Abuja,41.93352899293439,44.772735001961664,2.839206009027272
Tower_0833,Lagos,49.0074187251637,47.80657159368629,-1.2008471314774098
Tower_0834,Enugu,55.12326657790492,51.39018667518369,-3.7330799027212294
Tower_0835,Port Harcourt,46.95143048477964,48.96645786445349,2.015027379673846
Tower_0836,Abuja,53.29823448974436,51.92897483822435,-1.3692596515200108
Tower_0837,Abuja,55.90899921579458,57.49025041412012,1.581251198325539
Tower_0838,Kano,58.54355638958906,54.60334875416539,-3.9402076354236684
Tower_0839,Kano,44.69284163710907,46.47803631370769,1.7851946765986213
Tower_0840,Enugu,47.986318316186164,45.5639744576246,-2.422343858561561
Tower_0841,Enugu,43.04832026660835,44.5098485047414,1.4615282381330488
Tower_0842,Lagos,59.84967004316751,59.878216178840376,0.0285461356728689
Tower_0843,Lagos,58.54001935848591,56.63214051969262,-1.9078788387932875
Tower_0844,Enugu,50.799142605611195,49.98506997975763,-0.8140726258535622
Tower_0845,Enugu,56.840665887528424,58.21330280144183,1.3726369139134036
Tower_0846,Port Harcourt,50.41915954544084,50.63094845167131,0.21178890623046698
Tower_0847,Kano,52.471713760055195,53.64053972100017,1.1688259609449716
Tower_0848,Lagos,41.78248864232033,63.95580812330164,22.173319480981306
Tower_0849,Kano,55.10540840993616,51.97692518651406,-3.1284832234221014
Tower_0850,Kano,42.5542696727047,45.78869482264194,3.2344251499372447
Tower_0851,Enugu,56.521352605050566,56.73006448009699,0.20871187504642563
Tower_0852,Port Harcourt,55.64056175340772,75.35065249959013,19.71009074618241
Tower_0853,Abuja,54.17489395485953,51.51426670338155,-2.660627251477976
Tower_0854,Port Harcourt,40.723207610495244,40.344966828941175,-0.37824078155406937
Tower_0855,Port Harcourt,46.06256711890657,71.82857803528414,25.766010916377567
Tower_0856,Kano,45.26225139821686,45.007153157461794,-0.2550982407550677
Tower_0857,Port Harcourt,47.202728149430385,50.22503800992508,3.022309860494694
Tower_0858,Lagos,41.75285493527677,38.85050355517365,-2.90235138010312
Tower_0859,Kano,58.73915646062126,58.71497856492915,-0.024177895692112372
Tower_0860,Lagos,51.076044814247524,48.571257925421286,-2.5047868888262386
Tower_0861,Abuja,46.11048621316047,46.83774997841041,0.727263765249937
Tower_0862,Kano,47.93963034148567,49.71340512168027,1.7737747801946
Tower_0863,Abuja,48.94405081009671,48.10252722273461,-0.8415235873621043
Tower_0864,Kano,52.011886667212345,46.80345895395808,-5.208427713254267
Tower_0865,Enugu,50.313588553929954,50.71148484752294,0.39789629359298573
Tower_0866,Port Harcourt,58.38783946428835,59.261316567755365,0.8734771034670175
Tower_0867,Enugu,49.9392696581166,50.747859168039994,0.8085895099233937
Tower_0868,Abuja,59.84316029646625,62.31472468011056,2.4715643836443064
Tower_0869,Port Harcourt,57.028499154901915,83.42258729489538,26.394088139993464
Tower_0870,Kano,44.170210287146716,45.53064249804761,1.3604322109008962
Tower_0871,Port Harcourt,58.61190429287832,60.99691931783427,2.3850150249559476
Tower_0872,Lagos,42.32732795770952,38.77015278969649,-3.557175168013032
Tower_0873,Port Harcourt,56.34899416982383,56.98829782166179,0.639303651837956
Tower_0874,Lagos,47.612465869531604,46.60410620751626,-1.0083596620153443
Tower_0875,Port Harcourt,57.55948640890139,76.715621202838,19.1561347939366
Tower_0876,Lagos,57.361133802149006,58.05648676922568,0.6953529670766727
Tower_0877,Abuja,56.11850800235243,55.14405087412533,-0.9744571282271011
Tower_0878,Enugu,55.80060872614123,54.449192567818,-1.3514161583232251
Tower_0879,Kano,46.09358278196082,46.161887616936866,0.06830483497604689
Tower_0880,Port Harcourt,41.618385661025044,39.44389378329944,-2.1744918777256075
Tower_0881,Enugu,48.05960357530323,45.887953317532855,-2.1716502577703736
Tower_0882,Kano,43.47049029973017,44.82923686564318,1.358746565913009
Tower_0883,Kano,53.89902177804923,51.60143370773192,-2.2975880703173104
Tower_0884,Lagos,46.92199453075571,67.75375057922948,20.831756048473764
Tower_0885,Abuja,59.5122040171983,60.4373866029062,0.9251825857079012
Tower_0886,Abuja,52.81944154690664,49.36782808932544,-3.451613457581196
Tower_0887,Enugu,56.44961127268722,55.09448196801591,-1.3551293046713084
Tower_0888,Abuja,42.65049345483697,45.03871226093172,2.3882188060947485
Tower_0889,Port Harcourt,57.24028964545245,55.27795858317309,-1.962331062279361
Tower_0890,Abuja,58.455143810267884,57.52633528564911,-0.9288085246187734
Tower_0891,Enugu,49.74123837637872,50.66536016288251,0.9241217865037896
Tower_0892,Abuja,52.12505875501955,81.00655503307186,28.88149627805231
Tower_0893,Port Harcourt,55.29619601805991,54.793118245970916,-0.503077772088993
Tower_0894,Lagos,43.49677254520825,42.30175215582497,-1.1950203893832807
Tower_0895,Enugu,50.05132152926885,52.89606125266586,2.844739723397012
Tower_0896,Lagos,47.97326055544626,51.45105988304142,3.4777993275951573
Tower_0897,Lagos,42.92747984324498,44.88519594480857,1.9577161015635909
Tower_0898,Lagos,47.35068844583063,47.52132473096068,0.17063628513005114
Tower_0899,Kano,41.36344618770987,39.74691474442802,-1.6165314432818505
Tower_0900,Kano,40.51623813898974,38.85534932587661,-1.6608888131131323
Tower_0901,Lagos,42.70332578309645,43.748353993627966,1.0450282105315125
Tower_0902,Enugu,59.26230223178348,60.099098673560846,0.8367964417773663
Tower_0903,Port Harcourt,50.99059071790034,53.793787903793195,2.8031971858928557
Tower_0904,Port Harcourt,59.3164432230644,60.617343408136676,1.3009001850722797
Tower_0905,Abuja,48.64995756660264,45.643796963083,-3.006160603519639
Tower_0906,Enugu,46.23632266170519,48.34021789715103,2.1038952354458402
Tower_0907,Kano,50.122837256804885,48.12671600217606,-1.9961212546288252
Tower_0908,Lagos,48.790233772658205,48.0222912287535,-0.7679425439047023
Tower_0909,Abuja,42.11329368523488,42.61369409773827,0.5004004125033887
Tower_0910,Port Harcourt,52.816526293804124,56.807861273372055,3.991334979567931
Tower_0911,Kano,44.32076365019199,50.540600762202715,6.2198371120107225
Tower_0912,Kano,52.391759097956594,53.60520521622896,1.2134461182723655
Tower_0913,Lagos,53.00402184796307,52.63762861052229,-0.366393237440775
Tower_0914,Port Harcourt,43.04049706257296,44.10950835953406,1.0690112969611008
Tower_0915,Enugu,41.22699254221337,43.002303393961036,1.775310851747669
Tower_0916,Kano,55.6152317213688,54.97389647025442,-0.6413352511143842
Tower_0917,Lagos,49.19600847538641,52.78643118721105,3.590422711824644
Tower_0918,Enugu,41.16327591010952,41.623417428492324,0.46014151838280526
Tower_0919,Port Harcourt,59.89732634339534,60.89281252157813,0.9954861781827873
Tower_0920,Kano,41.15561121992733,42.487459724036256,1.331848504108926
Tower_0921,Enugu,53.90070457717106,54.74387779839997,0.8431732212289091
Tower_0922,Enugu,59.67357850526827,84.32328321904707,24.649704713778803
Tower_0923,Enugu,44.78360208431851,43.549095711224666,-1.2345063730938435
Tower_0924,Kano,42.844987373743926,41.72838386585187,-1.1166035078920586
Tower_0925,Kano,42.42769878844858,40.227390322505194,-2.2003084659433867
Tower_0926,Abuja,46.06550295135191,46.94450541259236,0.8790024612404537
Tower_0927,Port Harcourt,42.02091622021293,43.57878922723716,1.5578730070242273
Tower_0928,Lagos,53.84322683388264,54.75877256618641,0.9155457323037695
Tower_0929,Enugu,41.245835962601255,44.59482082929633,3.3489848666950763
Tower_0930,Abuja,50.188442562995796,50.177250525337705,-0.01119203765809118
Tower_0931,Lagos,59.93393707705954,61.271420388244564,1.337483311185025
Tower_0932,Abuja,56.279405390120374,54.09600363784175,-2.183401752278627
Tower_0933,Kano,52.304388764620214,51.53018935967141,-0.7741994049488028
Tower_0934,Enugu,46.125072415732234,47.51614793086379,1.3910755151315541
Tower_0935,Lagos,52.47791672583277,54.176120947319056,1.6982042214862858
Tower_0936,Lagos,50.54082927823303,49.95289538290467,-0.5879338953283622
Tower_0937,Lagos,48.52166767780743,48.37846917409129,-0.1431985037161354
Tower_0938,Lagos,42.61420753480399,39.57846004144237,-3.035747493361619
Tower_0939,Lagos,57.732084304809334,57.01802590319612,-0.7140584016132152
Tower_0940,Abuja,48.995692976426454,50.77645930346603,1.7807663270395722
Tower_0941,Enugu,43.8924502364153,45.04286026862843,1.1504100322131308
Tower_0942,Kano,47.355187017545795,48.356518460308216,1.001331442762421
Tower_0943,Kano,48.28259505057854,48.38214242494046,0.09954737436191863
Tower_0944,Kano,56.550757911337485,56.56488422859384,0.014126317256355492
Tower_0945,Kano,54.67228761122804,53.35164533228115,-1.3206422789468917
Tower_0946,Abuja,55.386097872826795,56.783754713231865,1.3976568404050695
Tower_0947,Port Harcourt,40.22062528857295,41.06257117735173,0.8419458887787812
Tower_0948,Enugu,48.323079963595234,49.30711765958083,0.9840376959855988
Tower_0949,Lagos,49.62688303270647,48.57481334737131,-1.0520696853351623
Tower_0950,Port Harcourt,40.38384553646113,36.07715969671864,-4.306685839742492
Tower_0951,Kano,45.19626417490068,47.39056959840808,2.1943054235073944
Tower_0952,Port Harcourt,55.2057964624427,54.24812155042589,-0.957674912016806
Tower_0953,Enugu,42.74219411457998,41.01664258649374,-1.7255515280862426
Tower_0954,Lagos,50.70620262905183,52.093160452879815,1.3869578238279843
Tower_0955,Lagos,44.30403744034475,43.52001216050649,-0.7840252798382608
Tower_0956,Enugu,40.24241549287787,42.36228826097111,2.119872768093245
Tower_0957,Enugu,44.82402915199083,46.05804105114422,1.2340118991533942
Tower_0958,Kano,59.517475098201075,60.88461374460203,1.367138646400953
Tower_0959,Lagos,56.030742237659794,53.298830815258725,-2.731911422401069
Tower_0960,Port Harcourt,59.19153288642067,61.61542085719347,2.423887970772803
Tower_0961,Abuja,49.75708087852725,50.27958194099496,0.5225010624677111
Tower_0962,Abuja,42.19472397355007,41.45616969505766,-0.7385542784924084
Tower_0963,Enugu,50.95918977947386,51.245966714158364,0.2867769346845037
Tower_0964,Kano,49.08754669119922,45.535076225402584,-3.552470465796638
Tower_0965,Abuja,56.887141654792316,57.70444727775366,0.8173056229613422
Tower_0966,Lagos,41.96165161568489,39.90290859932075,-2.05874301636414
Tower_0967,Enugu,49.76482274043556,47.059482168748495,-2.705340571687067
Tower_0968,Port Harcourt,43.00097329387968,39.9562549214439,-3.0447183724357814
Tower_0969,Enugu,46.4935185378012,48.71889528778105,2.2253767499798514
Tower_0970,Port Harcourt,54.747141547755994,53.48861476037042,-1.258526787385577
Tower_0971,Enugu,49.52036258737533,52.58781800720833,3.0674554198329957
Tower_0972,Enugu,47.51776570291538,46.44616277681079,-1.071602926104596
Tower_0973,Enugu,47.8895255714007,61.255446088851485,13.365920517450782
Tower_0974,Port Harcourt,49.18893536811973,46.95588648822241,-2.233048879897318
Tower_0975,Port Harcourt,55.700330876741134,58.17195411675501,2.4716232400138765
Tower_0976,Enugu,57.84169377880469,57.529897422931356,-0.31179635587333365
Tower_0977,Abuja,59.10669373007856,58.01011913709736,-1.0965745929811987
Tower_0978,Kano,55.7380677251059,56.058104176811476,0.32003645170557604
Tower_0979,Kano,46.308137914960255,47.311703387295346,1.0035654723350902
Tower_0980,Kano,53.762694121730846,55.99749175353577,2.2347976318049234
Tower_0981,Port Harcourt,48.75206248110784,51.6490609408937,2.8969984597858556
Tower_0982,Port Harcourt,45.09341244092102,44.37387514934285,-0.7195372915781704
Tower_0983,Abuja,56.81743158851845,54.165336216354376,-2.6520953721640765
Tower_0984,Kano,40.7685269792465,39.94159665699995,-0.8269303222465538
Tower_0985,Kano,58.03523984270847,58.555800855874246,0.520561013165775
Tower_0986,Enugu,49.22954929249468,47.302031440073456,-1.927517852421225
Tower_0987,Port Harcourt,52.74402953616561,50.82972770637553,-1.9143018297900838
Tower_0988,Kano,53.187078444115656,53.87465420721543,0.6875757630997725
Tower_0989,Abuja,57.90235481413073,82.66050758450145,24.758152770370714
Tower_0990,Abuja,52.733393643344144,52.79898763416732,0.06559399082317441
Tower_0991,Kano,52.27867169520124,50.7616810258011,-1.516990669400137
Tower_0992,Port Harcourt,41.3330408112138,40.87223938280226,-0.4608014284115356
Tower_0993,Abuja,50.368160438904084,48.51969415036748,-1.8484662885366063
Tower_0994,Enugu,43.003380016340834,44.783776838590406,1.7803968222495712
Tower_0995,Abuja,54.74867537442971,56.81917404387721,2.0704986694475025
Tower_0996,Lagos,50.24443841625349,46.5520626917773,-3.692375724476186
Tower_0997,Lagos,53.604555584167066,51.74553386378225,-1.859021720384817
Tower_0998,Port Harcourt,40.833458012047686,37.84039950186753,-2.9930585101801555
Tower_0999,Kano,41.69584032091606,40.39579245210226,-1.3000478688137989
